
INSERT INTO USER (ID, USERNAME, PASSWORD, FIRSTNAME, LASTNAME, EMAIL, ENABLED,LOCKED, confirmed) VALUES (1, 'admin', '$2a$08$lDnHPz7eUkSi6ao14Twuau08mzhWrL4kyZGGU5xfiGALO/Vxd5DOi', 'admin', 'admin', 'admin@admin.com', 1,0, 1);
INSERT INTO USER (ID, USERNAME, PASSWORD, FIRSTNAME, LASTNAME, EMAIL, ENABLED,LOCKED, confirmed) VALUES (2, 'user', '$2a$12$c59stL2Kz7zkHQ9bGP804e4qVbi3exopfEBzkTUyBPdJ9dV1pIp6K', 'user', 'user', 'user@user.com', 1,0, 1);
INSERT INTO USER (ID, USERNAME, PASSWORD, FIRSTNAME, LASTNAME, EMAIL, ENABLED,LOCKED, confirmed) VALUES (3, 'agent', '$2a$12$5ayx.ge0pvm9gThuKh5taOvob.bcdHyoQdfWu7xVj0Rfif27qQk6.', 'agent', 'agent', 'agent@agent.com', 1,0, 1);

-- Uloge 
INSERT INTO ROLE (ID, NAME) VALUES (1, 'ROLE_ADMIN');
INSERT INTO ROLE (ID, NAME) VALUES (2, 'ROLE_REGULAR');
INSERT INTO ROLE (ID, NAME) VALUES (3, 'ROLE_AGENT');
-- Uloge korisnika
INSERT INTO USER_ROLE (USER_ID, ROLE_ID) VALUES (1, 1);
INSERT INTO USER_ROLE (USER_ID, ROLE_ID) VALUES (1, 2);
--INSERT INTO USER_ROLE (USER_ID, ROLE_ID) VALUES (1, 3);
INSERT INTO USER_ROLE (USER_ID, ROLE_ID) VALUES (2, 2);
INSERT INTO USER_ROLE (USER_ID, ROLE_ID) VALUES (3, 3);
INSERT INTO USER_ROLE (USER_ID, ROLE_ID) VALUES (3, 2);
-- Permisije
INSERT INTO PERMISSION (ID, NAME) VALUES (1, 'CREATE_CERTIFICATE');
INSERT INTO PERMISSION (ID, NAME) VALUES (2, 'READ_CERTIFICATE');
INSERT INTO PERMISSION (ID, NAME) VALUES (3, 'UPDATE_CERTIFICATE');
INSERT INTO PERMISSION (ID, NAME) VALUES (4, 'DELETE_CERTIFICATE');
-- Permisije admina
INSERT INTO ROLE_PERMISSION (ROLE_ID, PERMISSION_ID) VALUES (1, 1);
INSERT INTO ROLE_PERMISSION (ROLE_ID, PERMISSION_ID) VALUES (1, 2);
INSERT INTO ROLE_PERMISSION (ROLE_ID, PERMISSION_ID) VALUES (1, 3);
INSERT INTO ROLE_PERMISSION (ROLE_ID, PERMISSION_ID) VALUES (1, 4);
-- Permisije korisnika
INSERT INTO ROLE_PERMISSION (ROLE_ID, PERMISSION_ID) VALUES (2, 2);
